fichier; crédit
montcuqDrone1.jpg; "Vue drone du village de Montcuq | © Lot Tourisme - Cyril Novello"
bougies.jpg; "230518130340 Bougie allumée à la gloire de Dieu © Marion Carcel.jpg"
librairie.jpg; "230517155203 Books _ Company, libraire à Montcuq © Marion Carcel.jpg"
eglise.jpg; "230517152950 Dans les ruelles de Montcuq © Marion Carcel.jpg"
tour.jpg; "230517153303 Découverte de la tour de Montcuq © Marion Carcel.jpg"
rue1.jpg; "230517135510 Découverte de Montcuq-en-Quercy © Marion Carcel.jpg"
moulin.jpg; "230516155212 Moulin de Boisse - sur les traces des 2 jours de Montcuq © Marion Carcel.jpg"
drone2.jpg; "220703085459 Vue drone du village de Montcuq © Lot Tourisme - Cyril Novello.jpg"
drone3.jpg; "220703085255 Vue drone du village de Montcuq © Lot Tourisme - Cyril Novello.jpg"
poney.jpg; "230516151340 Sur les traces des 2 jours de Montcuq - rando équestre en, Quercy Blanc © Marion Carcel.jpg"
logement.jpg; "190610175603 Location le Perchoir du Quercy - terrasse Le Perchoir du Quercy- N. Mayonnade.jpg"
eau.jpg; "Plan d_eau à Montcuq © Lot Tourisme - C. Novello 170727-144019.jpg"
egliseCouleur.jpg; "Eglise de Montcuq © Lot Tourisme - P. Lê 151209-163016.jpg"
marche.jpg; "220703091749 Vue drone du village de Montcuq © Lot Tourisme - Cyril Novello.jpg"
drone4.jpg; "220703085448 Vue drone du village de Montcuq © Lot Tourisme - Cyril Novello.jpg"
bouffe.jpg; "Marché de producteurs à Montcuq © Lot Tourisme - C. Novello 170727-124952.jpg"
drone5.jpg; "220703081215 Vue drone du village de Montcuq © Lot Tourisme - Cyril Novello.jpg"
